{"data_time": 0.015495799999825977, "fast_rcnn/cls_accuracy": 0.546875, "fast_rcnn/false_negative": 0.875, "fast_rcnn/fg_cls_accuracy": 0.125, "iteration": 6, "loss_box_reg": 0.2234777808189392, "loss_cls": 0.6640597581863403, "loss_mask": 0.6489468812942505, "loss_rpn_cls": 0.02896720916032791, "loss_rpn_loc": 0.09119750559329987, "lr": 0.0004196, "mask_rcnn/accuracy": 0.9936224489795918, "mask_rcnn/false_negative": 0.0, "mask_rcnn/false_positive": 1.0, "roi_head/num_bg_samples": 120.5, "roi_head/num_fg_samples": 7.5, "rpn/num_neg_anchors": 225.0, "rpn/num_pos_anchors": 31.0, "time": 3.136914899999965, "total_loss": 1.6552204098552465}
{"eta_seconds": 915.9791507999898, "iteration": 7}
{"fast_rcnn/cls_accuracy": 0.43359375, "fast_rcnn/false_negative": 0.8181818181818181, "fast_rcnn/fg_cls_accuracy": 0.18181818181818182, "iteration": 1, "mask_rcnn/accuracy": 0.6545289766624353, "mask_rcnn/false_negative": 0.35061139696725324, "mask_rcnn/false_positive": 0.3360142984807864, "roi_head/num_bg_samples": 120.5, "roi_head/num_fg_samples": 7.5, "rpn/num_neg_anchors": 211.5, "rpn/num_pos_anchors": 44.5}
{"data_time": 0.24563360000001921, "iteration": 0, "loss_box_reg": 0.17699642479419708, "loss_cls": 0.7643324732780457, "loss_mask": 0.6915442943572998, "loss_rpn_cls": 0.0051614162512123585, "loss_rpn_loc": 0.04653089866042137, "lr": 2e-05, "total_loss": 1.6845655073411763}
{"data_time": 0.27576669999996284, "fast_rcnn/cls_accuracy": 0.10546875, "fast_rcnn/false_negative": 0.16666666666666666, "fast_rcnn/fg_cls_accuracy": 0.8333333333333334, "iteration": 0, "loss_box_reg": 0.18576188385486603, "loss_cls": 0.8672868013381958, "loss_mask": 0.7078475952148438, "loss_rpn_cls": 0.15204523503780365, "loss_rpn_loc": 0.11388777941465378, "lr": 2e-05, "mask_rcnn/accuracy": 0.045705782312925214, "mask_rcnn/false_negative": 1.0, "mask_rcnn/false_positive": 0.0, "roi_head/num_bg_samples": 122.0, "roi_head/num_fg_samples": 6.0, "rpn/num_neg_anchors": 220.0, "rpn/num_pos_anchors": 36.0, "total_loss": 2.026829294860363}
{"data_time": 0.16522029999998722, "fast_rcnn/cls_accuracy": 0.96484375, "fast_rcnn/false_negative": 0.23076923076923078, "fast_rcnn/fg_cls_accuracy": 0.7692307692307693, "iteration": 0, "loss_box_reg": 0.20307736098766327, "loss_cls": 0.466263085603714, "loss_mask": 0.6858863830566406, "loss_rpn_cls": 0.07477405667304993, "loss_rpn_loc": 0.2736157774925232, "lr": 2e-05, "mask_rcnn/accuracy": 0.9864599686028257, "mask_rcnn/false_negative": 0.013540031397174255, "mask_rcnn/false_positive": 0.0, "roi_head/num_bg_samples": 121.5, "roi_head/num_fg_samples": 6.5, "rpn/num_neg_anchors": 188.5, "rpn/num_pos_anchors": 67.5, "total_loss": 1.703616663813591}
{"fast_rcnn/cls_accuracy": 0.875, "fast_rcnn/false_negative": 1.0, "fast_rcnn/fg_cls_accuracy": 0.0, "iteration": 0, "mask_rcnn/accuracy": 0.015831332533013165, "mask_rcnn/false_negative": 1.0, "mask_rcnn/false_positive": 0.0, "roi_head/num_bg_samples": 119.5, "roi_head/num_fg_samples": 8.5, "rpn/num_neg_anchors": 220.0, "rpn/num_pos_anchors": 36.0}
{"fast_rcnn/cls_accuracy": 0.16796875, "fast_rcnn/false_negative": 0.8333333333333334, "fast_rcnn/fg_cls_accuracy": 0.16666666666666666, "iteration": 0, "mask_rcnn/accuracy": 0.06448412698412698, "mask_rcnn/false_negative": 0.9379173699273501, "mask_rcnn/false_positive": 0.8680412371134021, "roi_head/num_bg_samples": 119.0, "roi_head/num_fg_samples": 9.0, "rpn/num_neg_anchors": 220.0, "rpn/num_pos_anchors": 36.0}
{"fast_rcnn/cls_accuracy": 0.509765625, "fast_rcnn/false_negative": 1.0, "fast_rcnn/fg_cls_accuracy": 0.0, "iteration": 1, "mask_rcnn/accuracy": 0.22102854299614583, "mask_rcnn/false_negative": 0.7801818535315412, "mask_rcnn/false_positive": 0.7555958862673926, "roi_head/num_bg_samples": 119.0, "roi_head/num_fg_samples": 9.0, "rpn/num_neg_anchors": 213.0, "rpn/num_pos_anchors": 43.0}
{"data_time": 0.16384310000000823, "iteration": 0, "loss_box_reg": 0.23304596543312073, "loss_cls": 0.7136524319648743, "loss_mask": 0.6952584981918335, "loss_rpn_cls": 0.13730423152446747, "loss_rpn_loc": 0.06592178344726562, "lr": 2e-05, "total_loss": 1.8451829105615616}
{"data_time": 0.2325045999999702, "fast_rcnn/cls_accuracy": 0.73828125, "fast_rcnn/false_negative": 0.8181818181818182, "fast_rcnn/fg_cls_accuracy": 0.18181818181818182, "iteration": 0, "loss_box_reg": 0.17502129077911377, "loss_cls": 0.65213942527771, "loss_mask": 0.7241761684417725, "loss_rpn_cls": 0.0032953335903584957, "loss_rpn_loc": 0.11271239817142487, "lr": 2e-05, "mask_rcnn/accuracy": 0.06192022263450836, "mask_rcnn/false_negative": 1.0, "mask_rcnn/false_positive": 0.0, "roi_head/num_bg_samples": 122.5, "roi_head/num_fg_samples": 5.5, "rpn/num_neg_anchors": 226.0, "rpn/num_pos_anchors": 30.0, "total_loss": 1.6673446162603796}
{"fast_rcnn/cls_accuracy": 0.90234375, "fast_rcnn/false_negative": 0.0, "fast_rcnn/fg_cls_accuracy": 1.0, "iteration": 0, "mask_rcnn/accuracy": 0.9968112244897959, "mask_rcnn/false_negative": 0.0, "mask_rcnn/false_positive": 1.0, "roi_head/num_bg_samples": 122.0, "roi_head/num_fg_samples": 6.0, "rpn/num_neg_anchors": 226.0, "rpn/num_pos_anchors": 30.0}
