{"data_time": 0.0025349754996568663, "eta_seconds": 70.94660104019567, "fast_rcnn/cls_accuracy": 0.88671875, "fast_rcnn/false_negative": 1.0, "fast_rcnn/fg_cls_accuracy": 0.0, "iteration": 19, "loss_box_reg": 0.3667246848344803, "loss_cls": 0.6611714065074921, "loss_mask": 0.4203869551420212, "loss_rpn_cls": 0.0022541102953255177, "loss_rpn_loc": 0.009544692002236843, "lr": 0.00039962, "mask_rcnn/accuracy": 0.8059009867683338, "mask_rcnn/false_negative": 0.0, "mask_rcnn/false_positive": 1.0, "roi_head/num_bg_samples": 115.25, "roi_head/num_fg_samples": 12.75, "rpn/num_neg_anchors": 250.75, "rpn/num_pos_anchors": 5.25, "time": 0.25338071800069883, "total_loss": 1.5177081960137002}
{"data_time": 0.0028633594993152656, "eta_seconds": 67.14578715032985, "fast_rcnn/cls_accuracy": 0.974609375, "fast_rcnn/false_negative": 0.15714285714285714, "fast_rcnn/fg_cls_accuracy": 0.8428571428571429, "iteration": 39, "loss_box_reg": 0.42173296213150024, "loss_cls": 0.08808796107769012, "loss_mask": 0.13144274801015854, "loss_rpn_cls": 0.001114305981900543, "loss_rpn_loc": 0.013815365266054869, "lr": 0.0007992199999999999, "mask_rcnn/accuracy": 0.9440910292688504, "mask_rcnn/false_negative": 0.0, "mask_rcnn/false_positive": 0.46450381517728523, "roi_head/num_bg_samples": 112.5, "roi_head/num_fg_samples": 15.5, "rpn/num_neg_anchors": 247.25, "rpn/num_pos_anchors": 8.75, "time": 0.26263446300072246, "total_loss": 0.6739830222213641}
{"data_time": 0.002738160499575315, "eta_seconds": 61.88672880016384, "fast_rcnn/cls_accuracy": 0.978515625, "fast_rcnn/false_negative": 0.008620689655172414, "fast_rcnn/fg_cls_accuracy": 0.9913793103448276, "iteration": 59, "loss_box_reg": 0.28949323296546936, "loss_cls": 0.050295377150177956, "loss_mask": 0.05133109726011753, "loss_rpn_cls": 0.0008488526509609073, "loss_rpn_loc": 0.008854398038238287, "lr": 0.00119882, "mask_rcnn/accuracy": 0.9866562487568127, "mask_rcnn/false_negative": 0.00810540710530865, "mask_rcnn/false_positive": 0.03591132193309424, "roi_head/num_bg_samples": 105.0, "roi_head/num_fg_samples": 23.0, "rpn/num_neg_anchors": 251.0, "rpn/num_pos_anchors": 5.0, "time": 0.2574305340021965, "total_loss": 0.39938113242169493}
{"data_time": 0.0025834144980763085, "eta_seconds": 56.70269704009115, "fast_rcnn/cls_accuracy": 0.984375, "fast_rcnn/false_negative": 0.031754032258064516, "fast_rcnn/fg_cls_accuracy": 0.9682459677419355, "iteration": 79, "loss_box_reg": 0.13826707005500793, "loss_cls": 0.03921955078840256, "loss_mask": 0.02962137572467327, "loss_rpn_cls": 0.0002370744405197911, "loss_rpn_loc": 0.006615466671064496, "lr": 0.0015984200000000001, "mask_rcnn/accuracy": 0.9899047245587425, "mask_rcnn/false_negative": 0.00410248034191572, "mask_rcnn/false_positive": 0.0357865287525906, "roi_head/num_bg_samples": 110.5, "roi_head/num_fg_samples": 17.5, "rpn/num_neg_anchors": 251.0, "rpn/num_pos_anchors": 5.0, "time": 0.2569011244995636, "total_loss": 0.20538342626241501}
{"data_time": 0.002675877000001492, "eta_seconds": 51.547906400082866, "fast_rcnn/cls_accuracy": 0.990234375, "fast_rcnn/false_negative": 0.020995670995670995, "fast_rcnn/fg_cls_accuracy": 0.979004329004329, "iteration": 99, "loss_box_reg": 0.1055358350276947, "loss_cls": 0.03287950158119202, "loss_mask": 0.025652142241597176, "loss_rpn_cls": 0.00023225337645271793, "loss_rpn_loc": 0.003854572423733771, "lr": 0.00199802, "mask_rcnn/accuracy": 0.9906529616351045, "mask_rcnn/false_negative": 0.004359162917227443, "mask_rcnn/false_positive": 0.0346164657707815, "roi_head/num_bg_samples": 110.5, "roi_head/num_fg_samples": 17.5, "rpn/num_neg_anchors": 252.5, "rpn/num_pos_anchors": 3.5, "time": 0.2576703444992745, "total_loss": 0.18888543832144933}
{"data_time": 0.0026139919991692295, "eta_seconds": 46.33749612039537, "fast_rcnn/cls_accuracy": 0.98828125, "fast_rcnn/false_negative": 0.01, "fast_rcnn/fg_cls_accuracy": 0.99, "iteration": 119, "loss_box_reg": 0.11914758384227753, "loss_cls": 0.03521047718822956, "loss_mask": 0.023677806369960308, "loss_rpn_cls": 0.000440202682511881, "loss_rpn_loc": 0.006505158729851246, "lr": 0.00239762, "mask_rcnn/accuracy": 0.9910049627791564, "mask_rcnn/false_negative": 0.004367304195556025, "mask_rcnn/false_positive": 0.03255186997569351, "roi_head/num_bg_samples": 109.75, "roi_head/num_fg_samples": 18.25, "rpn/num_neg_anchors": 251.25, "rpn/num_pos_anchors": 4.75, "time": 0.2567014444975939, "total_loss": 0.19595289620338008}
{"data_time": 0.0026330169985158136, "eta_seconds": 41.072231119615026, "fast_rcnn/cls_accuracy": 0.98828125, "fast_rcnn/false_negative": 0.0, "fast_rcnn/fg_cls_accuracy": 1.0, "iteration": 139, "loss_box_reg": 0.09008459001779556, "loss_cls": 0.03105239477008581, "loss_mask": 0.02225079294294119, "loss_rpn_cls": 0.0003853957314277068, "loss_rpn_loc": 0.007846328895539045, "lr": 0.0027972200000000004, "mask_rcnn/accuracy": 0.990804890921886, "mask_rcnn/false_negative": 0.0044409296738820055, "mask_rcnn/false_positive": 0.029052410643423766, "roi_head/num_bg_samples": 111.75, "roi_head/num_fg_samples": 16.25, "rpn/num_neg_anchors": 248.5, "rpn/num_pos_anchors": 7.5, "time": 0.24601064449961996, "total_loss": 0.15307174894087439}
{"data_time": 0.0027663870005198987, "eta_seconds": 35.85587333993317, "fast_rcnn/cls_accuracy": 0.9921875, "fast_rcnn/false_negative": 0.0, "fast_rcnn/fg_cls_accuracy": 1.0, "iteration": 159, "loss_box_reg": 0.07240757346153259, "loss_cls": 0.02381061017513275, "loss_mask": 0.02281725686043501, "loss_rpn_cls": 0.0002457788577885367, "loss_rpn_loc": 0.009426004253327847, "lr": 0.0031968200000000004, "mask_rcnn/accuracy": 0.9904797162767547, "mask_rcnn/false_negative": 0.004693259495398229, "mask_rcnn/false_positive": 0.029965982888362025, "roi_head/num_bg_samples": 112.5, "roi_head/num_fg_samples": 15.5, "rpn/num_neg_anchors": 247.25, "rpn/num_pos_anchors": 8.75, "time": 0.253007613500813, "total_loss": 0.13100026517258812}
{"data_time": 0.0027875894993485417, "eta_seconds": 30.55789824007661, "fast_rcnn/cls_accuracy": 0.994140625, "fast_rcnn/false_negative": 0.0, "fast_rcnn/fg_cls_accuracy": 1.0, "iteration": 179, "loss_box_reg": 0.07740142568945885, "loss_cls": 0.018878324888646603, "loss_mask": 0.02379814349114895, "loss_rpn_cls": 0.0001031566243909765, "loss_rpn_loc": 0.003663395415060222, "lr": 0.0035964199999999995, "mask_rcnn/accuracy": 0.9903210215710215, "mask_rcnn/false_negative": 0.005640140764175608, "mask_rcnn/false_positive": 0.0306534985372129, "roi_head/num_bg_samples": 112.0, "roi_head/num_fg_samples": 16.0, "rpn/num_neg_anchors": 252.0, "rpn/num_pos_anchors": 4.0, "time": 0.24551634450108395, "total_loss": 0.13069114604604692}
{"data_time": 0.002795242500724271, "eta_seconds": 25.387654599944653, "fast_rcnn/cls_accuracy": 0.9921875, "fast_rcnn/false_negative": 0.0, "fast_rcnn/fg_cls_accuracy": 1.0, "iteration": 199, "loss_box_reg": 0.08088301494717598, "loss_cls": 0.0214582784101367, "loss_mask": 0.02038484252989292, "loss_rpn_cls": 0.00018946037744171917, "loss_rpn_loc": 0.0061866044998168945, "lr": 0.00399602, "mask_rcnn/accuracy": 0.9914347212099126, "mask_rcnn/false_negative": 0.004988881278815447, "mask_rcnn/false_positive": 0.028704061978709866, "roi_head/num_bg_samples": 111.5, "roi_head/num_fg_samples": 16.5, "rpn/num_neg_anchors": 249.75, "rpn/num_pos_anchors": 6.25, "time": 0.2433067954989383, "total_loss": 0.13631736931165506}
{"data_time": 0.002722963499763864, "fast_rcnn/cls_accuracy": 0.9921875, "fast_rcnn/false_negative": 0.0, "fast_rcnn/fg_cls_accuracy": 1.0, "iteration": 218, "loss_box_reg": 0.07517468184232712, "loss_cls": 0.022995161823928356, "loss_mask": 0.02426191046833992, "loss_rpn_cls": 0.00011336981697240844, "loss_rpn_loc": 0.005409960867837071, "lr": 0.00437564, "mask_rcnn/accuracy": 0.9899858733816107, "mask_rcnn/false_negative": 0.004970575771293716, "mask_rcnn/false_positive": 0.02967688523829412, "roi_head/num_bg_samples": 113.0, "roi_head/num_fg_samples": 15.0, "rpn/num_neg_anchors": 251.75, "rpn/num_pos_anchors": 4.25,